id,title,score,num_comments,author,created_utc,url,over_18,edited,spoiler,stickied
1hphnqx,stock market closing on thursday january 9,509,69,smoothbrainOP,2024-12-30 07:10:02,https://www.reddit.com/r/stocks/comments/1hphnqx/stock_market_closing_on_thursday_january_9/,False,False,False,False
1hpq7fr,The top 5 performing stocks of the past decade have one thing in common,190,99,floorborgmic,2024-12-30 15:54:41,https://www.reddit.com/r/stocks/comments/1hpq7fr/the_top_5_performing_stocks_of_the_past_decade/,False,False,False,False
1hpwy6m,why are we often talking about stock price instead of market cap?,90,74,neonurban,2024-12-30 20:42:31,https://www.reddit.com/r/stocks/comments/1hpwy6m/why_are_we_often_talking_about_stock_price/,False,False,False,False
1hp9lwa,How bad of an idea is it to go hard info these high dividend stocks (>10% yield) for the next 3-4 years,49,70,BlackAsh05,2024-12-29 23:55:45,https://www.reddit.com/r/stocks/comments/1hp9lwa/how_bad_of_an_idea_is_it_to_go_hard_info_these/,False,False,False,False
1hpa9g1,Portfolio in 2025,35,45,RetirementGoals,2024-12-30 00:26:25,https://www.reddit.com/r/stocks/comments/1hpa9g1/portfolio_in_2025/,False,False,False,False
1hpp74o,What is the level and valuation when it becomes impossible for Apple's share price to grow?,40,80,PrestigiousChard9442,2024-12-30 15:08:58,https://www.reddit.com/r/stocks/comments/1hpp74o/what_is_the_level_and_valuation_when_it_becomes/,False,False,False,False
1hpft0h,Is this a completely stupid strategy?,31,62,throwaway_reddit_624,2024-12-30 05:13:45,https://www.reddit.com/r/stocks/comments/1hpft0h/is_this_a_completely_stupid_strategy/,False,False,False,False
1hpkijw,Is Disney a buy in 2025?,9,77,PrestigiousChard9442,2024-12-30 10:35:00,https://www.reddit.com/r/stocks/comments/1hpkijw/is_disney_a_buy_in_2025/,False,False,False,False
1hpkg47,"r/Stocks Daily Discussion Monday - Dec 30, 2024",6,176,AutoModerator,2024-12-30 10:30:11,https://www.reddit.com/r/stocks/comments/1hpkg47/rstocks_daily_discussion_monday_dec_30_2024/,False,False,False,True
1hpw6ht,Why is Organon's (OGN) quick ratio 1.21? Using Q3 data yields ~0.80,2,8,sebascarra,2024-12-30 20:08:48,https://www.reddit.com/r/stocks/comments/1hpw6ht/why_is_organons_ogn_quick_ratio_121_using_q3_data/,False,False,False,False
1hpovhj,EV Stocks On The Rise?,0,12,CappuccinoFinance,2024-12-30 14:53:53,https://www.reddit.com/r/stocks/comments/1hpovhj/ev_stocks_on_the_rise/,False,False,False,False
